source_database,source_schema,source_table,source_type,ingestion_mode,load_type,primary_key,watermark_column,target_catalog,target_bronze_schema,target_silver_schema,target_bronze_table,target_silver_table,description,is_active,hist_tablename,orderby_col,is_scd2
DP_CreditApplication,MART,DIM_SMApplicationRequest,snowflake,jdbc,incremental,APPLICATION_KEY,_UPDATED_AT,,bronze,silver,dim_sm_application_request_bronze,dim_sm_application_request_silver,Application request dim - loan purpose / term / type - SCD2,Y,,_UPDATED_AT,Y
DP_CreditApplication,MART,DIM_SMOnyxApplication,snowflake,jdbc,incremental,ONYX_KEY,_UPDATED_AT,,bronze,silver,dim_sm_onyx_application_bronze,dim_sm_onyx_application_silver,Onyx origination dim - channel / bureau / DTI - SCD2,Y,,_UPDATED_AT,Y
DP_CreditApplication,MART,DIM_SMApplicationRequestSummary,snowflake,jdbc,incremental,SUMMARY_KEY,_UPDATED_AT,,bronze,silver,dim_sm_application_request_summary_bronze,dim_sm_application_request_summary_silver,Applicant demographics + financials - SCD2,Y,,_UPDATED_AT,Y
DP_CreditApplication,MART,FACT_SMApplicationRequest,snowflake,jdbc,incremental,APPLICATION_REQUEST_ID,_UPDATED_AT,,bronze,silver,fact_sm_application_request_bronze,fact_sm_application_request_silver,Application decision fact - one row per application - SCD2,Y,,_UPDATED_AT,Y
DP_CreditApplication,MART,FACT_SMBridgeapplicationfacility,snowflake,jdbc,incremental,BRIDGE_ID,_UPDATED_AT,,bronze,silver,fact_sm_bridge_application_facility_bronze,fact_sm_bridge_application_facility_silver,Application-to-facility bridge - SCD2,Y,,_UPDATED_AT,Y
DP_CreditManagement,MART,DIM_product,snowflake,jdbc,historical,PRODUCT_KEY,_UPDATED_AT,,bronze,silver,dim_product_bronze,dim_product_silver,Product reference - small static dim,Y,,_UPDATED_AT,N
DP_CreditManagement,MART,DIM_facility,snowflake,jdbc,incremental,FACILITY_KEY,_UPDATED_AT,,bronze,silver,dim_facility_bronze,dim_facility_silver,Facility master - one row per funded facility - SCD2,Y,,_UPDATED_AT,Y
DP_CreditManagement,MART,DIM_snapshotdate,snowflake,jdbc,historical,SNAPSHOT_KEY,,,bronze,silver,dim_snapshotdate_bronze,dim_snapshotdate_silver,Date dim - month-end calendar - static,Y,,,N
DP_CreditManagement,MART,FACT_CreditFacility,snowflake,jdbc,incremental,FACILITY_PERFORMANCE_ID,SNAPSHOT_DATE,,bronze,silver,fact_credit_facility_bronze,fact_credit_facility_silver,Monthly facility performance snapshots - append-only fact,Y,,SNAPSHOT_DATE,N
